epoch,step,test_acc,test_loss
0,0,0.984138011932373,0.0455782487988472
0,0,0.8854876756668091,0.5658286809921265
0,0,0.9684152007102966,0.12034717947244644
0,0,0.9344649910926819,0.259389728307724
0,0,0.9684152007102966,0.10086200386285782
0,0,0.9762070178985596,0.08695505559444427
0,0,0.8977320194244385,0.6466524004936218
0,0,0.9533880352973938,0.19198693335056305
0,0,0.9415611624717712,0.265754371881485
0,0,0.9504660964012146,0.15668050944805145
0,0,0.8946709632873535,0.4015432298183441
