epoch,step,test_acc,test_loss
0,0,0.984138011932373,0.0455782487988472
0,0,0.8854876756668091,0.5658286809921265
0,0,0.9684152007102966,0.12034717947244644
