epoch,step,test_acc,test_loss
0,0,0.7527480125427246,1.5205492973327637
