epoch,step,test_acc,test_loss
0,0,0.984138011932373,0.0455782487988472
0,0,0.9762070178985596,0.08695505559444427
